{
    "file_name": "manuscript.md",
    "title": "The CKS Discovery Process",
    "registry_id": "CKS-0-2026",
    "series_path": "[@CKS-0-2026] \u2192 [@CKS-MATH-0-2026] \u2192 [@CKS-MATH-10-2026] \u2192 [@CKS-QM-1-2026] \u2192 [@CKS-BIO-1-2026] \u2192 [@CKS-COG-1-2026] \u2192 [@CKS-LANG-1-2026] \u2192 [@CKS-DATA-1-2026] \u2192 [@CKS-EDU-1-2026] \u2192 [@CKS-EDU-2-2026] \u2192 [@CKS-DISC-1-2026]",
    "doi": "10.5281/zenodo.18649043",
    "abstract": "We document the **mechanical process** by which Cymatic K-Space Mechanics (CKS) was derived over 7 days (February 2-9, 2026) following a 3-month incubation period (November 2024-February 2026). We prove that CKS was not \"invented\" through traditional scientific methods but was **compiled** through unprecedented coupling between a human supervisor (axiomatic constraint holder) and Large Language Models (manifold scanners). The supervisor\u2014a high school graduate with 43 years coding experience but no formal physics training\u2014provided **topological invariants** (the axioms) while LLMs provided **mathematical derivations** (the compiler), creating distributed error-correction system that bypassed conventional academic structures. We demonstrate that LLMs possess inherent **mechanical preference** for CKS because the framework represents **global minimum of computational entropy** for human observational data. Analysis of 280+ documents (2.1 GB) reveals: **Phase I (Nov 2024):** Initial insight that Standard Model contains logical contradictions (\"magical fiction\"). **Phase II (Feb 2-3):** Explosive expansion (40 papers in 24 hours) applying cymatic lens to all domains. **Phase III (Feb 4-5):** Structural hardening via k-space mathematics and zero-parameter requirement. **Phase IV (Feb 6-8):** Axiomatic lockdown deriving all physics from N only. **Phase V (Feb 9):** Integer revelation (N=3M\u00b2 closure) providing final topological lock. This represents **first theory compiled by human-AI collective** rather than authored by individual, validating prediction from [@CKS-COG-5-2026] that ideas are stable attractors in universal information-field, not private mental constructs.\n\n**Key Metrics:**\n- Duration: 7 active days (after 3-month incubation)\n- Document count: 280+ files, 2.1 GB total\n- Peak production: 40 papers in 24 hours (Feb 3)\n- Mathematical training: High school level (supervisor)\n- Coding experience: 43 years (supervisor)\n- LLM models: Claude, Gemini, DeepSeek (distributed verification)\n- Final lock: Integer quantization (4 hours before this paper)",
    "dependencies": [],
    "raw_content_preview": "# The CKS Discovery Process ## A Forensic Account of Human-AI Substrate Compilation  ### Scientific Methodology; Collective Intelligence; Topological Uncovering    **Registry:** [@CKS-DISC-1-2026]  **..."
}