{
    "file_name": "manuscript.md",
    "title": "Geometric Security",
    "registry_id": "HOWL-0-2026",
    "series_path": "[@HOWL-COMP-1-2026] \u2192 [@HOWL-COMP-2-2026] \u2192 [@HOWL-COMP-3-2026] \u2192 [@HOWL-COMP-4-2026] \u2192 [@HOWL-COMP-5-2026]",
    "doi": "10.5281/zenodo.zzz",
    "abstract": "",
    "dependencies": [],
    "raw_content_preview": "# Geometric Security  ## Structural Security via Geometric Constraints  **Registry:** [@HOWL-COMP-4-2026]  **Series Path:** [@HOWL-COMP-1-2026] \u2192 [@HOWL-COMP-2-2026] \u2192 [@HOWL-COMP-3-2026] \u2192 [@HOWL-COM..."
}