{
  "title": "Implementing a Tall-Infra Data-Only Execution System ",
  "upload_type": "publication",
  "publication_type": "article",
  "description": "We present Silo, a data-only execution system that eliminates compilation from the development loop while maintaining 60 FPS real-time performance and perfect CPU scaling. The architecture uses a universal Entity container, declarative Prolog logic, multiplicative Utility AI scoring, and stack-based Logic Blocks to create a system where all behavior resides in hot-swappable data tables rather than compiled code. We demonstrate geometric security through fixed-size network packets and path-based access control, achieving input isolation without sandboxing. The system scales linearly to 64+ cores via NUMA-aware work distribution with barrier synchronization. Complete reference implementations of all core structures (Entity, StateMachine, Prolog, UtilityAI, LogicBlock, Thread, Networking) are provided. Measured results: 10,000 entities updated at 4-8ms per frame, 95%+ CPU utilization per core, zero iteration time (changes take effect next frame), and architectural impossibility of privilege escalation or data exfiltration from network inputs.",
  "version": "1.0",
  "publication_date": "2026-02",
  "access_right": "open",
  "license": "CC0-1.0",
  "keywords": [
    "HOWL framework",
    "howland archive",
    "discrete spacetime",
    "0",
    "zero free parameters",
    "falsifiable physics",
    "theoretical derivation"
  ],
  "notes": "HOWL ARCHIVE PAPER - Registry ID: HOWL-0-2026.\n\nDependencies: HOWL Foundation Only.\n\nThis is a constituent derivation of the HOWL framework extending into 0. The paper is subject to the Global Falsification Protocol: if the substrate quantization is absent in relevant precision measurements, this derivation is invalidated.",
  "related_identifiers": [
    {
      "scheme": "url",
      "identifier": "https://github.com/ghowland/papers/COMP/HOWL-COMP-1-2026",
      "relation": "isSupplementedBy",
      "resource_type": "software"
    }
  ],
  "creators": [
    {
      "name": "Howland, Geoffrey",
      "affiliation": "Independent Researcher",
      "orcid": "0009-0009-7752-341X"
    }
  ],
  "contributors": [
    {
      "name": "Howland, Geoffrey",
      "type": "ContactPerson",
      "affiliation": "Independent Researcher"
    },
    {
      "name": "Claude Sonnet 4.5",
      "type": "Researcher",
      "affiliation": "Anthropic PBC"
    }
  ],
  "communities": [
    {
      "identifier": "zenodo"
    },
    {
      "identifier": "howland-archive"
    }
  ],
  "subjects": [
    {
      "term": "Computer Science",
      "identifier": "https://id.loc.gov/authorities/subjects/sh89003285",
      "scheme": "url"
    },
    {
      "term": "Information Theory",
      "identifier": "https://id.loc.gov/authorities/subjects/sh85066288",
      "scheme": "url"
    },
    {
      "term": "Philosophy of Science",
      "identifier": "https://id.loc.gov/authorities/subjects/sh85101258",
      "scheme": "url"
    }
  ],
  "language": "eng",
  "method": "Theoretical derivation from HOWL axioms applied to 0.\n\nDependencies: HOWL Foundation Only.\n\nComputational validation and empirical comparison where applicable."
}