{
    "file_name": "manuscript.md",
    "title": "Howland's Axiom of Information Locality",
    "registry_id": "HOWL-INFO-4-2026",
    "series_path": "[@HOWL-INFO-1-2026] \u2192 [@HOWL-INFO-2-2026] \u2192 [@HOWL-INFO-3-2026] \u2192 [@HOWL-INFO-4-2026]",
    "doi": "10.5281/zenodo.18655625",
    "abstract": "",
    "dependencies": [],
    "raw_content_preview": "# Howland's Axiom of Information Locality  **Registry:** [@HOWL-INFO-4-2026]  **Series Path:** [@HOWL-INFO-1-2026] \u2192 [@HOWL-INFO-2-2026] \u2192 [@HOWL-INFO-3-2026] \u2192 [@HOWL-INFO-4-2026]  **Parent Framework..."
}