{
  "title": "Multi-Dimensional Information Indexing",
  "upload_type": "publication",
  "publication_type": "article",
  "description": "Traditional information management treats knowledge as static truth claims that must be accepted or rejected. This paper documents an alternative framework observed in expert practice: multi-dimensional indexing that preserves source, temporal, contextual, and intentional metadata alongside content. This approach enables holding seemingly contradictory information without cognitive dissonance, tracking reliability patterns across sources, and forming valid assessments from accumulated data points. We present the theoretical framework, contrast it with single-index approaches, and analyze observable applications from collaborative reasoning sessions.",
  "version": "1.0",
  "publication_date": "2026-02",
  "access_right": "open",
  "license": "CC0-1.0",
  "keywords": [
    "HOWL framework",
    "howland archive",
    "discrete spacetime",
    "information",
    "zero free parameters",
    "falsifiable physics",
    "theoretical derivation"
  ],
  "notes": "HOWL ARCHIVE PAPER - Registry ID: HOWL-INFO-1-2026.\n\nDependencies: HOWL Foundation Only.\n\n",
  "related_identifiers": [
    {
      "scheme": "url",
      "identifier": "https://github.com/ghowland/papers/INFO/HOWL-INFO-1-2026",
      "relation": "isSupplementedBy",
      "resource_type": "software"
    }
  ],
  "creators": [
    {
      "name": "Howland, Geoffrey",
      "affiliation": "Independent Researcher",
      "orcid": "0009-0009-7752-341X"
    }
  ],
  "contributors": [
    {
      "name": "Howland, Geoffrey",
      "type": "ContactPerson",
      "affiliation": "Independent Researcher"
    },
    {
      "name": "Claude Sonnet 4.5",
      "type": "Researcher",
      "affiliation": "Anthropic PBC"
    }
  ],
  "communities": [
    {
      "identifier": "zenodo"
    },
    {
      "identifier": "howland-archive"
    }
  ],
  "subjects": [
    {
      "term": "Computer Science",
      "identifier": "https://id.loc.gov/authorities/subjects/sh89003285",
      "scheme": "url"
    },
    {
      "term": "Information Theory",
      "identifier": "https://id.loc.gov/authorities/subjects/sh85066288",
      "scheme": "url"
    },
    {
      "term": "Philosophy of Science",
      "identifier": "https://id.loc.gov/authorities/subjects/sh85101258",
      "scheme": "url"
    }
  ],
  "language": "eng",
  "method": "Dependencies: HOWL Foundation Only.\n\n"
}